<?xml version = '1.0' encoding = 'UTF-8'?>
<Table class="oracle.dbtools.crest.model.design.relational.Table" directorySegmentName="seg_0" id="652234DC-ADC8-3BC3-1C8D-6D4AB3510CA1" name="STG_YEARS">
<createdBy>PC</createdBy>
<createdTime>2021-11-22 11:28:34 UTC</createdTime>
<ownerDesignName>MCBAssignment_DataModel</ownerDesignName>
<ordsAlias>table_4</ordsAlias>
<allowColumnReorder>false</allowColumnReorder>
<existDependencyGenerateInDDl>true</existDependencyGenerateInDDl>
<parsed>true</parsed>
<columns itemClass="oracle.dbtools.crest.model.design.relational.Column">
<Column name="Year" id="AD7C29C9-2264-4E77-2697-3D6603DC5A46">
<createdBy>PC</createdBy>
<createdTime>2021-11-22 11:29:27 UTC</createdTime>
<ownerDesignName>MCBAssignment_DataModel</ownerDesignName>
<nullsAllowed>true</nullsAllowed>
<useDomainConstraints>false</useDomainConstraints>
<use>1</use>
<logicalDatatype>LOGDT024</logicalDatatype>
<dataTypeSize>10</dataTypeSize>
<ownDataTypeParameters>10,,</ownDataTypeParameters>
<autoIncrementCycle>false</autoIncrementCycle>
</Column>
<Column name="StartDate" id="A22C777F-A986-4ABB-1BC5-040B42067A2C">
<createdBy>PC</createdBy>
<createdTime>2021-11-22 11:29:27 UTC</createdTime>
<ownerDesignName>MCBAssignment_DataModel</ownerDesignName>
<nullsAllowed>true</nullsAllowed>
<useDomainConstraints>false</useDomainConstraints>
<use>1</use>
<logicalDatatype>LOGDT024</logicalDatatype>
<dataTypeSize>20</dataTypeSize>
<ownDataTypeParameters>20,,</ownDataTypeParameters>
<autoIncrementCycle>false</autoIncrementCycle>
</Column>
</columns>
</Table>