<?xml version = '1.0' encoding = 'UTF-8'?>
<Table class="oracle.dbtools.crest.model.design.relational.Table" directorySegmentName="seg_0" id="6553FFE5-130F-25D7-F4EF-8AEEBB95D8CA" name="STG_CPIDATA">
<createdBy>PC</createdBy>
<createdTime>2021-11-22 11:34:50 UTC</createdTime>
<ownerDesignName>MCBAssignment_DataModel</ownerDesignName>
<ordsAlias>table_6</ordsAlias>
<abbreviation>STG_CPIDATA</abbreviation>
<allowColumnReorder>false</allowColumnReorder>
<existDependencyGenerateInDDl>true</existDependencyGenerateInDDl>
<parsed>true</parsed>
<columns itemClass="oracle.dbtools.crest.model.design.relational.Column">
<Column name="Country" id="F6D5AF5A-81B9-B6AE-6BC2-E37CA6FEA9FE">
<createdBy>PC</createdBy>
<createdTime>2021-11-22 11:37:36 UTC</createdTime>
<ownerDesignName>MCBAssignment_DataModel</ownerDesignName>
<nullsAllowed>true</nullsAllowed>
<useDomainConstraints>false</useDomainConstraints>
<use>1</use>
<logicalDatatype>LOGDT024</logicalDatatype>
<dataTypeSize>50</dataTypeSize>
<ownDataTypeParameters>50,,</ownDataTypeParameters>
<autoIncrementCycle>false</autoIncrementCycle>
</Column>
<Column name="ISO3CountryCode" id="9B187B5E-1938-2565-C4FD-D1CB760BA976">
<createdBy>PC</createdBy>
<createdTime>2021-11-22 11:37:36 UTC</createdTime>
<ownerDesignName>MCBAssignment_DataModel</ownerDesignName>
<nullsAllowed>true</nullsAllowed>
<useDomainConstraints>false</useDomainConstraints>
<use>1</use>
<logicalDatatype>LOGDT024</logicalDatatype>
<dataTypeSize>10</dataTypeSize>
<ownDataTypeParameters>10,,</ownDataTypeParameters>
<autoIncrementCycle>false</autoIncrementCycle>
</Column>
<Column name="Region" id="DFB64516-3EA2-50CC-1DA1-C55236496D58">
<createdBy>PC</createdBy>
<createdTime>2021-11-22 11:37:36 UTC</createdTime>
<ownerDesignName>MCBAssignment_DataModel</ownerDesignName>
<nullsAllowed>true</nullsAllowed>
<useDomainConstraints>false</useDomainConstraints>
<use>1</use>
<logicalDatatype>LOGDT024</logicalDatatype>
<dataTypeSize>20</dataTypeSize>
<ownDataTypeParameters>20,,</ownDataTypeParameters>
<autoIncrementCycle>false</autoIncrementCycle>
</Column>
<Column name="CPIScore" id="F7AC2E74-E8B3-FE7C-8F8D-16B5650B8F1B">
<createdBy>PC</createdBy>
<createdTime>2021-11-22 11:37:36 UTC</createdTime>
<ownerDesignName>MCBAssignment_DataModel</ownerDesignName>
<nullsAllowed>true</nullsAllowed>
<useDomainConstraints>false</useDomainConstraints>
<use>1</use>
<logicalDatatype>LOGDT024</logicalDatatype>
<dataTypeSize>20</dataTypeSize>
<ownDataTypeParameters>20,,</ownDataTypeParameters>
<autoIncrementCycle>false</autoIncrementCycle>
</Column>
<Column name="Rank" id="902574E3-6A3F-6FCF-0C78-4CEEDE0647A3">
<createdBy>PC</createdBy>
<createdTime>2021-11-22 11:37:36 UTC</createdTime>
<ownerDesignName>MCBAssignment_DataModel</ownerDesignName>
<nullsAllowed>true</nullsAllowed>
<useDomainConstraints>false</useDomainConstraints>
<use>1</use>
<logicalDatatype>LOGDT024</logicalDatatype>
<dataTypeSize>20</dataTypeSize>
<ownDataTypeParameters>20,,</ownDataTypeParameters>
<autoIncrementCycle>false</autoIncrementCycle>
</Column>
<Column name="Sources" id="86B0EBB1-2276-1E82-ECE9-CDF2B9F413FD">
<createdBy>PC</createdBy>
<createdTime>2021-11-22 11:37:36 UTC</createdTime>
<ownerDesignName>MCBAssignment_DataModel</ownerDesignName>
<nullsAllowed>true</nullsAllowed>
<useDomainConstraints>false</useDomainConstraints>
<use>1</use>
<logicalDatatype>LOGDT024</logicalDatatype>
<dataTypeSize>20</dataTypeSize>
<ownDataTypeParameters>20,,</ownDataTypeParameters>
<autoIncrementCycle>false</autoIncrementCycle>
</Column>
<Column name="StandardError" id="37C8BB1A-D0E1-11C8-4752-37995BE5F485">
<createdBy>PC</createdBy>
<createdTime>2021-11-22 11:37:36 UTC</createdTime>
<ownerDesignName>MCBAssignment_DataModel</ownerDesignName>
<nullsAllowed>true</nullsAllowed>
<useDomainConstraints>false</useDomainConstraints>
<use>1</use>
<logicalDatatype>LOGDT024</logicalDatatype>
<dataTypeSize>20</dataTypeSize>
<ownDataTypeParameters>20,,</ownDataTypeParameters>
<autoIncrementCycle>false</autoIncrementCycle>
</Column>
<Column name="Year" id="4E44FC29-9807-429E-E9F4-01153A714A3B">
<createdBy>PC</createdBy>
<createdTime>2021-11-22 11:37:36 UTC</createdTime>
<ownerDesignName>MCBAssignment_DataModel</ownerDesignName>
<nullsAllowed>true</nullsAllowed>
<useDomainConstraints>false</useDomainConstraints>
<use>1</use>
<logicalDatatype>LOGDT024</logicalDatatype>
<dataTypeSize>10</dataTypeSize>
<ownDataTypeParameters>10,,</ownDataTypeParameters>
<autoIncrementCycle>false</autoIncrementCycle>
</Column>
</columns>
</Table>