<?xml version = '1.0' encoding = 'UTF-8'?>
<Table class="oracle.dbtools.crest.model.design.relational.Table" directorySegmentName="seg_0" id="86EBA671-572A-16E4-E001-552CC83E3B2D" name="REF_LogScripts">
<createdBy>PC</createdBy>
<createdTime>2021-11-22 11:50:52 UTC</createdTime>
<ownerDesignName>MCBAssignment_DataModel</ownerDesignName>
<ordsAlias>table_11</ordsAlias>
<abbreviation>REF_LogScripts</abbreviation>
<allowColumnReorder>false</allowColumnReorder>
<existDependencyGenerateInDDl>true</existDependencyGenerateInDDl>
<parsed>true</parsed>
<columns itemClass="oracle.dbtools.crest.model.design.relational.Column">
<Column name="LogID" id="B1FF1F2A-5815-5B05-61EA-91F7F53957F1">
<createdBy>PC</createdBy>
<createdTime>2021-11-23 06:55:10 UTC</createdTime>
<ownerDesignName>MCBAssignment_DataModel</ownerDesignName>
<useDomainConstraints>false</useDomainConstraints>
<use>1</use>
<logicalDatatype>LOGDT027</logicalDatatype>
<ownDataTypeParameters>,,</ownDataTypeParameters>
<autoIncrementColumn>true</autoIncrementColumn>
<identityColumn>true</identityColumn>
<autoIncrementCycle>false</autoIncrementCycle>
</Column>
<Column name="DateLog" id="4C62F1CE-96D3-C5CE-18D4-EF30D57360C7">
<createdBy>PC</createdBy>
<createdTime>2021-11-22 11:52:48 UTC</createdTime>
<ownerDesignName>MCBAssignment_DataModel</ownerDesignName>
<nullsAllowed>true</nullsAllowed>
<useDomainConstraints>false</useDomainConstraints>
<use>1</use>
<logicalDatatype>LOGDT008</logicalDatatype>
<ownDataTypeParameters>,,</ownDataTypeParameters>
<autoIncrementCycle>false</autoIncrementCycle>
</Column>
<Column name="Description" id="9048F88D-0ACD-360B-2753-0AF223FC5F0B">
<createdBy>PC</createdBy>
<createdTime>2021-11-22 11:52:48 UTC</createdTime>
<ownerDesignName>MCBAssignment_DataModel</ownerDesignName>
<nullsAllowed>true</nullsAllowed>
<useDomainConstraints>false</useDomainConstraints>
<use>1</use>
<logicalDatatype>LOGDT024</logicalDatatype>
<dataTypeSize>255</dataTypeSize>
<ownDataTypeParameters>255,,</ownDataTypeParameters>
<autoIncrementCycle>false</autoIncrementCycle>
</Column>
<Column name="SQLScript" id="DB348B23-DD87-6FEA-AA00-4D8FC3EA87CF">
<createdBy>PC</createdBy>
<createdTime>2021-11-22 11:52:48 UTC</createdTime>
<ownerDesignName>MCBAssignment_DataModel</ownerDesignName>
<nullsAllowed>true</nullsAllowed>
<useDomainConstraints>false</useDomainConstraints>
<use>1</use>
<logicalDatatype>LOGDT024</logicalDatatype>
<dataTypeSize>MAX</dataTypeSize>
<ownDataTypeParameters>MAX,,</ownDataTypeParameters>
<autoIncrementCycle>false</autoIncrementCycle>
</Column>
</columns>
<indexes itemClass="oracle.dbtools.crest.model.design.relational.Index">
<ind_PK_UK id="B84E45F8-07F9-11AF-F79B-36D4D5D1094B" name="REF_LogScripts_PK">
<createdBy>PC</createdBy>
<createdTime>2021-11-23 06:55:10 UTC</createdTime>
<ownerDesignName>MCBAssignment_DataModel</ownerDesignName>
<pk>true</pk>
<indexState>Primary Constraint</indexState>
<isSurrogateKey>false</isSurrogateKey>
<indexColumnUsage>
<colUsage columnID="B1FF1F2A-5815-5B05-61EA-91F7F53957F1"/>
</indexColumnUsage>
</ind_PK_UK>
</indexes>
</Table>