<?xml version = '1.0' encoding = 'UTF-8'?>
<Table class="oracle.dbtools.crest.model.design.relational.Table" directorySegmentName="seg_0" id="E12C1A67-F98B-FACE-C8C7-2D527CF94110" name="DW_FACT_WDIDATA">
<createdBy>PC</createdBy>
<createdTime>2021-11-22 11:40:17 UTC</createdTime>
<ownerDesignName>MCBAssignment_DataModel</ownerDesignName>
<ordsAlias>table_2</ordsAlias>
<allowColumnReorder>false</allowColumnReorder>
<existDependencyGenerateInDDl>true</existDependencyGenerateInDDl>
<parsed>true</parsed>
<columns itemClass="oracle.dbtools.crest.model.design.relational.Column">
<Column name="WDIDataID" id="37EB07CE-C466-6050-C275-C415A009D69E">
<createdBy>PC</createdBy>
<createdTime>2021-11-22 11:45:12 UTC</createdTime>
<ownerDesignName>MCBAssignment_DataModel</ownerDesignName>
<useDomainConstraints>false</useDomainConstraints>
<use>1</use>
<logicalDatatype>LOGDT027</logicalDatatype>
<ownDataTypeParameters>,,</ownDataTypeParameters>
<autoIncrementColumn>true</autoIncrementColumn>
<identityColumn>true</identityColumn>
<autoIncrementCycle>false</autoIncrementCycle>
</Column>
<Column name="CountryID" id="1B9D9C58-D2D7-1B6E-3503-F93837EA7AE6">
<createdBy>PC</createdBy>
<createdTime>2021-11-22 11:47:29 UTC</createdTime>
<ownerDesignName>MCBAssignment_DataModel</ownerDesignName>
<useDomainConstraints>false</useDomainConstraints>
<use>1</use>
<logicalDatatype>LOGDT027</logicalDatatype>
<ownDataTypeParameters>,,</ownDataTypeParameters>
<autoIncrementCycle>false</autoIncrementCycle>
<associations>
<colAssociation fkAssociation="EEA4739F-A9AD-4F20-EA45-0F3BBF6F7B4F" referredColumn="95F26C97-3AFA-2D49-C605-C005880879E4"/>
</associations>
</Column>
<Column name="TimeID" id="9CF6698F-4360-6079-F34A-0D06F23E37F1">
<createdBy>PC</createdBy>
<createdTime>2021-11-22 11:48:25 UTC</createdTime>
<ownerDesignName>MCBAssignment_DataModel</ownerDesignName>
<useDomainConstraints>false</useDomainConstraints>
<use>1</use>
<logicalDatatype>LOGDT027</logicalDatatype>
<ownDataTypeParameters>,,</ownDataTypeParameters>
<autoIncrementCycle>false</autoIncrementCycle>
<associations>
<colAssociation fkAssociation="8CF0C7F2-491E-9F06-4708-96BBC6C0CAEA" referredColumn="2DE7738D-53A4-241E-C7AA-3A6F812B9EAF"/>
</associations>
</Column>
<Column name="CountryName" id="BA8272BF-08B9-76BF-1FED-46A19702E39E">
<createdBy>PC</createdBy>
<createdTime>2021-11-22 11:40:17 UTC</createdTime>
<ownerDesignName>MCBAssignment_DataModel</ownerDesignName>
<nullsAllowed>true</nullsAllowed>
<useDomainConstraints>false</useDomainConstraints>
<use>1</use>
<logicalDatatype>LOGDT024</logicalDatatype>
<dataTypeSize>100</dataTypeSize>
<ownDataTypeParameters>100,,</ownDataTypeParameters>
<autoIncrementCycle>false</autoIncrementCycle>
</Column>
<Column name="CountryCode" id="8B98939D-2EAD-AF49-2C86-792ED188F1A7">
<createdBy>PC</createdBy>
<createdTime>2021-11-22 11:40:17 UTC</createdTime>
<ownerDesignName>MCBAssignment_DataModel</ownerDesignName>
<nullsAllowed>true</nullsAllowed>
<useDomainConstraints>false</useDomainConstraints>
<use>1</use>
<logicalDatatype>LOGDT024</logicalDatatype>
<dataTypeSize>20</dataTypeSize>
<ownDataTypeParameters>20,,</ownDataTypeParameters>
<autoIncrementCycle>false</autoIncrementCycle>
</Column>
<Column name="Year" id="18BFF8C5-BB8E-3E3F-56F7-F99AB3A36632">
<createdBy>PC</createdBy>
<createdTime>2021-11-22 11:40:17 UTC</createdTime>
<ownerDesignName>MCBAssignment_DataModel</ownerDesignName>
<nullsAllowed>true</nullsAllowed>
<useDomainConstraints>false</useDomainConstraints>
<use>1</use>
<logicalDatatype>LOGDT019</logicalDatatype>
<dataTypePrecision>10</dataTypePrecision>
<ownDataTypeParameters>,10,</ownDataTypeParameters>
<autoIncrementCycle>false</autoIncrementCycle>
</Column>
<Column name="ER_FSH_PROD_MT" id="D17DE243-B196-9D8E-4F11-9D70B2915925">
<createdBy>PC</createdBy>
<createdTime>2021-11-22 11:40:17 UTC</createdTime>
<ownerDesignName>MCBAssignment_DataModel</ownerDesignName>
<nullsAllowed>true</nullsAllowed>
<useDomainConstraints>false</useDomainConstraints>
<use>1</use>
<logicalDatatype>LOGDT019</logicalDatatype>
<dataTypePrecision>20</dataTypePrecision>
<dataTypeScale>4</dataTypeScale>
<ownDataTypeParameters>,20,4</ownDataTypeParameters>
<autoIncrementCycle>false</autoIncrementCycle>
</Column>
<Column name="AG_LND_AGRI_K2" id="F774265A-9AC5-4D5C-16E4-99ED290892BB">
<createdBy>PC</createdBy>
<createdTime>2021-11-22 11:40:17 UTC</createdTime>
<ownerDesignName>MCBAssignment_DataModel</ownerDesignName>
<nullsAllowed>true</nullsAllowed>
<useDomainConstraints>false</useDomainConstraints>
<use>1</use>
<logicalDatatype>LOGDT019</logicalDatatype>
<dataTypePrecision>20</dataTypePrecision>
<dataTypeScale>4</dataTypeScale>
<ownDataTypeParameters>,20,4</ownDataTypeParameters>
<autoIncrementCycle>false</autoIncrementCycle>
</Column>
<Column name="IC_REG_DURS" id="CC339697-54A1-2945-E792-E364CE1A5B0F">
<createdBy>PC</createdBy>
<createdTime>2021-11-22 11:40:17 UTC</createdTime>
<ownerDesignName>MCBAssignment_DataModel</ownerDesignName>
<nullsAllowed>true</nullsAllowed>
<useDomainConstraints>false</useDomainConstraints>
<use>1</use>
<logicalDatatype>LOGDT019</logicalDatatype>
<dataTypePrecision>20</dataTypePrecision>
<dataTypeScale>4</dataTypeScale>
<ownDataTypeParameters>,20,4</ownDataTypeParameters>
<autoIncrementCycle>false</autoIncrementCycle>
</Column>
<Column name="IC_BUS_NREG" id="B4FCA220-9D04-046A-CA35-1FF47F6E10FE">
<createdBy>PC</createdBy>
<createdTime>2021-11-22 11:40:17 UTC</createdTime>
<ownerDesignName>MCBAssignment_DataModel</ownerDesignName>
<nullsAllowed>true</nullsAllowed>
<useDomainConstraints>false</useDomainConstraints>
<use>1</use>
<logicalDatatype>LOGDT019</logicalDatatype>
<dataTypePrecision>20</dataTypePrecision>
<dataTypeScale>4</dataTypeScale>
<ownDataTypeParameters>,20,4</ownDataTypeParameters>
<autoIncrementCycle>false</autoIncrementCycle>
</Column>
<Column name="SL_AGR_EMPL_ZS" id="AA46F111-F6C8-8B41-BCAC-F858F9C83906">
<createdBy>PC</createdBy>
<createdTime>2021-11-22 11:40:17 UTC</createdTime>
<ownerDesignName>MCBAssignment_DataModel</ownerDesignName>
<nullsAllowed>true</nullsAllowed>
<useDomainConstraints>false</useDomainConstraints>
<use>1</use>
<logicalDatatype>LOGDT019</logicalDatatype>
<dataTypePrecision>20</dataTypePrecision>
<dataTypeScale>4</dataTypeScale>
<ownDataTypeParameters>,20,4</ownDataTypeParameters>
<autoIncrementCycle>false</autoIncrementCycle>
</Column>
<Column name="SL_EMP_SELF_ZS" id="0CFF2FCC-D4B4-E454-34BD-75B0082BF631">
<createdBy>PC</createdBy>
<createdTime>2021-11-22 11:40:17 UTC</createdTime>
<ownerDesignName>MCBAssignment_DataModel</ownerDesignName>
<nullsAllowed>true</nullsAllowed>
<useDomainConstraints>false</useDomainConstraints>
<use>1</use>
<logicalDatatype>LOGDT019</logicalDatatype>
<dataTypePrecision>20</dataTypePrecision>
<dataTypeScale>4</dataTypeScale>
<ownDataTypeParameters>,20,4</ownDataTypeParameters>
<autoIncrementCycle>false</autoIncrementCycle>
</Column>
<Column name="CPI" id="20421817-A812-7682-03FE-D1EFA301BB15">
<createdBy>PC</createdBy>
<createdTime>2021-11-22 11:45:12 UTC</createdTime>
<ownerDesignName>MCBAssignment_DataModel</ownerDesignName>
<nullsAllowed>true</nullsAllowed>
<useDomainConstraints>false</useDomainConstraints>
<use>1</use>
<logicalDatatype>LOGDT019</logicalDatatype>
<dataTypePrecision>20</dataTypePrecision>
<dataTypeScale>4</dataTypeScale>
<ownDataTypeParameters>,20,4</ownDataTypeParameters>
<autoIncrementCycle>false</autoIncrementCycle>
</Column>
</columns>
<indexes itemClass="oracle.dbtools.crest.model.design.relational.Index">
<ind_PK_UK id="1F877568-4C07-A2DB-7316-68CC957C3597" name="DW_FACT_WDIDATA_PK">
<createdBy>PC</createdBy>
<createdTime>2021-11-22 11:47:02 UTC</createdTime>
<ownerDesignName>MCBAssignment_DataModel</ownerDesignName>
<pk>true</pk>
<indexState>Primary Constraint</indexState>
<isSurrogateKey>false</isSurrogateKey>
<indexColumnUsage>
<colUsage columnID="37EB07CE-C466-6050-C275-C415A009D69E"/>
</indexColumnUsage>
</ind_PK_UK>
<ind_PK_UK id="72B73CEB-8BF3-F0FE-4506-F9FC266B9CD5" name="DW_FACT_WDIDATA_DW_DIM_COUNTRY_FK">
<createdBy>PC</createdBy>
<createdTime>2021-11-22 11:56:09 UTC</createdTime>
<ownerDesignName>MCBAssignment_DataModel</ownerDesignName>
<indexState>Foreign Key</indexState>
<isSurrogateKey>false</isSurrogateKey>
<indexColumnUsage>
<colUsage columnID="1B9D9C58-D2D7-1B6E-3503-F93837EA7AE6"/>
</indexColumnUsage>
</ind_PK_UK>
<ind_PK_UK id="059302C8-351E-E85A-2A34-BD5FEC5B0C23" name="DW_FACT_WDIDATA_DW_DIM_TIME_FK">
<createdBy>PC</createdBy>
<createdTime>2021-11-22 11:56:54 UTC</createdTime>
<ownerDesignName>MCBAssignment_DataModel</ownerDesignName>
<indexState>Foreign Key</indexState>
<isSurrogateKey>false</isSurrogateKey>
<indexColumnUsage>
<colUsage columnID="9CF6698F-4360-6079-F34A-0D06F23E37F1"/>
</indexColumnUsage>
</ind_PK_UK>
</indexes>
</Table>