<?xml version = '1.0' encoding = 'UTF-8'?>
<Table class="oracle.dbtools.crest.model.design.relational.Table" directorySegmentName="seg_0" id="E2A1E6FD-E886-B16F-AFFD-51C86E10AF8D" name="STG_WDIDATA">
<createdBy>PC</createdBy>
<createdTime>2021-11-22 10:51:37 UTC</createdTime>
<ownerDesignName>MCBAssignment_DataModel</ownerDesignName>
<ordsAlias>table_2</ordsAlias>
<allowColumnReorder>false</allowColumnReorder>
<existDependencyGenerateInDDl>true</existDependencyGenerateInDDl>
<parsed>true</parsed>
<columns itemClass="oracle.dbtools.crest.model.design.relational.Column">
<Column name="CountryName" id="DFD36A04-C81D-7481-75D2-0F4A89FEB181">
<createdBy>PC</createdBy>
<createdTime>2021-11-22 11:00:06 UTC</createdTime>
<ownerDesignName>MCBAssignment_DataModel</ownerDesignName>
<nullsAllowed>true</nullsAllowed>
<useDomainConstraints>false</useDomainConstraints>
<use>1</use>
<logicalDatatype>LOGDT024</logicalDatatype>
<dataTypeSize>100</dataTypeSize>
<ownDataTypeParameters>100,,</ownDataTypeParameters>
<autoIncrementCycle>false</autoIncrementCycle>
</Column>
<Column name="CountryCode" id="0A2BCCE6-6394-1F3A-5792-DACF75A63C6C">
<createdBy>PC</createdBy>
<createdTime>2021-11-22 11:00:06 UTC</createdTime>
<ownerDesignName>MCBAssignment_DataModel</ownerDesignName>
<nullsAllowed>true</nullsAllowed>
<useDomainConstraints>false</useDomainConstraints>
<use>1</use>
<logicalDatatype>LOGDT024</logicalDatatype>
<dataTypeSize>20</dataTypeSize>
<ownDataTypeParameters>20,,</ownDataTypeParameters>
<autoIncrementCycle>false</autoIncrementCycle>
</Column>
<Column name="IndicatorName" id="5EC0E84D-19A7-E2A4-490D-C6FA838CB2AB">
<createdBy>PC</createdBy>
<createdTime>2021-11-22 11:00:06 UTC</createdTime>
<ownerDesignName>MCBAssignment_DataModel</ownerDesignName>
<nullsAllowed>true</nullsAllowed>
<useDomainConstraints>false</useDomainConstraints>
<use>1</use>
<logicalDatatype>LOGDT024</logicalDatatype>
<dataTypeSize>255</dataTypeSize>
<ownDataTypeParameters>255,,</ownDataTypeParameters>
<autoIncrementCycle>false</autoIncrementCycle>
</Column>
<Column name="IndicatorCode" id="BDD54B28-B7AD-FEC4-5DD8-25E5B3D250B4">
<createdBy>PC</createdBy>
<createdTime>2021-11-22 11:00:06 UTC</createdTime>
<ownerDesignName>MCBAssignment_DataModel</ownerDesignName>
<nullsAllowed>true</nullsAllowed>
<useDomainConstraints>false</useDomainConstraints>
<use>1</use>
<logicalDatatype>LOGDT024</logicalDatatype>
<dataTypeSize>50</dataTypeSize>
<ownDataTypeParameters>50,,</ownDataTypeParameters>
<autoIncrementCycle>false</autoIncrementCycle>
</Column>
<Column name="YR1960" id="156FCF44-9C54-896D-CF8B-67054D668FCF">
<createdBy>PC</createdBy>
<createdTime>2021-11-22 11:00:06 UTC</createdTime>
<ownerDesignName>MCBAssignment_DataModel</ownerDesignName>
<nullsAllowed>true</nullsAllowed>
<useDomainConstraints>false</useDomainConstraints>
<use>1</use>
<logicalDatatype>LOGDT024</logicalDatatype>
<dataTypeSize>50</dataTypeSize>
<ownDataTypeParameters>50,,</ownDataTypeParameters>
<autoIncrementCycle>false</autoIncrementCycle>
</Column>
<Column name="YR1961" id="66AAD98A-D126-09DF-E180-25FC5D666F1C">
<createdBy>PC</createdBy>
<createdTime>2021-11-22 11:00:06 UTC</createdTime>
<ownerDesignName>MCBAssignment_DataModel</ownerDesignName>
<nullsAllowed>true</nullsAllowed>
<useDomainConstraints>false</useDomainConstraints>
<use>1</use>
<logicalDatatype>LOGDT024</logicalDatatype>
<dataTypeSize>50</dataTypeSize>
<ownDataTypeParameters>50,,</ownDataTypeParameters>
<autoIncrementCycle>false</autoIncrementCycle>
</Column>
<Column name="YR1962" id="4C15ED77-2D1D-9DC8-9546-738DF3CC5AEB">
<createdBy>PC</createdBy>
<createdTime>2021-11-22 11:00:06 UTC</createdTime>
<ownerDesignName>MCBAssignment_DataModel</ownerDesignName>
<nullsAllowed>true</nullsAllowed>
<useDomainConstraints>false</useDomainConstraints>
<use>1</use>
<logicalDatatype>LOGDT024</logicalDatatype>
<dataTypeSize>50</dataTypeSize>
<ownDataTypeParameters>50,,</ownDataTypeParameters>
<autoIncrementCycle>false</autoIncrementCycle>
</Column>
<Column name="YR1963" id="85716DA5-9806-C9AE-9B93-70E3676EDC81">
<createdBy>PC</createdBy>
<createdTime>2021-11-22 11:00:06 UTC</createdTime>
<ownerDesignName>MCBAssignment_DataModel</ownerDesignName>
<nullsAllowed>true</nullsAllowed>
<useDomainConstraints>false</useDomainConstraints>
<use>1</use>
<logicalDatatype>LOGDT024</logicalDatatype>
<dataTypeSize>50</dataTypeSize>
<ownDataTypeParameters>50,,</ownDataTypeParameters>
<autoIncrementCycle>false</autoIncrementCycle>
</Column>
<Column name="YR1964" id="37F1A0F6-D45D-657E-E3D5-36350EF98039">
<createdBy>PC</createdBy>
<createdTime>2021-11-22 11:00:06 UTC</createdTime>
<ownerDesignName>MCBAssignment_DataModel</ownerDesignName>
<nullsAllowed>true</nullsAllowed>
<useDomainConstraints>false</useDomainConstraints>
<use>1</use>
<logicalDatatype>LOGDT024</logicalDatatype>
<dataTypeSize>50</dataTypeSize>
<ownDataTypeParameters>50,,</ownDataTypeParameters>
<autoIncrementCycle>false</autoIncrementCycle>
</Column>
<Column name="YR1965" id="CEC566B3-BD8E-878F-2D1E-1A978A2123D9">
<createdBy>PC</createdBy>
<createdTime>2021-11-22 11:00:06 UTC</createdTime>
<ownerDesignName>MCBAssignment_DataModel</ownerDesignName>
<nullsAllowed>true</nullsAllowed>
<useDomainConstraints>false</useDomainConstraints>
<use>1</use>
<logicalDatatype>LOGDT024</logicalDatatype>
<dataTypeSize>50</dataTypeSize>
<ownDataTypeParameters>50,,</ownDataTypeParameters>
<autoIncrementCycle>false</autoIncrementCycle>
</Column>
<Column name="YR1966" id="826FC1AF-DEF7-3254-86D8-0DF699E17D28">
<createdBy>PC</createdBy>
<createdTime>2021-11-22 11:00:06 UTC</createdTime>
<ownerDesignName>MCBAssignment_DataModel</ownerDesignName>
<nullsAllowed>true</nullsAllowed>
<useDomainConstraints>false</useDomainConstraints>
<use>1</use>
<logicalDatatype>LOGDT024</logicalDatatype>
<dataTypeSize>50</dataTypeSize>
<ownDataTypeParameters>50,,</ownDataTypeParameters>
<autoIncrementCycle>false</autoIncrementCycle>
</Column>
<Column name="YR1967" id="5B34E2F6-A317-F7D7-AAA3-78E995DA85CF">
<createdBy>PC</createdBy>
<createdTime>2021-11-22 11:00:06 UTC</createdTime>
<ownerDesignName>MCBAssignment_DataModel</ownerDesignName>
<nullsAllowed>true</nullsAllowed>
<useDomainConstraints>false</useDomainConstraints>
<use>1</use>
<logicalDatatype>LOGDT024</logicalDatatype>
<dataTypeSize>50</dataTypeSize>
<ownDataTypeParameters>50,,</ownDataTypeParameters>
<autoIncrementCycle>false</autoIncrementCycle>
</Column>
<Column name="YR1968" id="60F46C42-F361-4A3C-3D27-3A92AED7B9FE">
<createdBy>PC</createdBy>
<createdTime>2021-11-22 11:00:06 UTC</createdTime>
<ownerDesignName>MCBAssignment_DataModel</ownerDesignName>
<nullsAllowed>true</nullsAllowed>
<useDomainConstraints>false</useDomainConstraints>
<use>1</use>
<logicalDatatype>LOGDT024</logicalDatatype>
<dataTypeSize>50</dataTypeSize>
<ownDataTypeParameters>50,,</ownDataTypeParameters>
<autoIncrementCycle>false</autoIncrementCycle>
</Column>
<Column name="YR1969" id="02F70A90-A175-E56A-49FA-B4BC886F49CA">
<createdBy>PC</createdBy>
<createdTime>2021-11-22 11:00:06 UTC</createdTime>
<ownerDesignName>MCBAssignment_DataModel</ownerDesignName>
<nullsAllowed>true</nullsAllowed>
<useDomainConstraints>false</useDomainConstraints>
<use>1</use>
<logicalDatatype>LOGDT024</logicalDatatype>
<dataTypeSize>50</dataTypeSize>
<ownDataTypeParameters>50,,</ownDataTypeParameters>
<autoIncrementCycle>false</autoIncrementCycle>
</Column>
<Column name="YR1970" id="3CD47632-8D2C-6C69-E752-2A94C1937C52">
<createdBy>PC</createdBy>
<createdTime>2021-11-22 11:00:06 UTC</createdTime>
<ownerDesignName>MCBAssignment_DataModel</ownerDesignName>
<nullsAllowed>true</nullsAllowed>
<useDomainConstraints>false</useDomainConstraints>
<use>1</use>
<logicalDatatype>LOGDT024</logicalDatatype>
<dataTypeSize>50</dataTypeSize>
<ownDataTypeParameters>50,,</ownDataTypeParameters>
<autoIncrementCycle>false</autoIncrementCycle>
</Column>
<Column name="YR1971" id="0D057806-9974-65EF-86BC-3269645FC209">
<createdBy>PC</createdBy>
<createdTime>2021-11-22 11:00:06 UTC</createdTime>
<ownerDesignName>MCBAssignment_DataModel</ownerDesignName>
<nullsAllowed>true</nullsAllowed>
<useDomainConstraints>false</useDomainConstraints>
<use>1</use>
<logicalDatatype>LOGDT024</logicalDatatype>
<dataTypeSize>50</dataTypeSize>
<ownDataTypeParameters>50,,</ownDataTypeParameters>
<autoIncrementCycle>false</autoIncrementCycle>
</Column>
<Column name="YR1972" id="E497D39D-2802-1B1A-8726-AE84FF2581E5">
<createdBy>PC</createdBy>
<createdTime>2021-11-22 11:00:06 UTC</createdTime>
<ownerDesignName>MCBAssignment_DataModel</ownerDesignName>
<nullsAllowed>true</nullsAllowed>
<useDomainConstraints>false</useDomainConstraints>
<use>1</use>
<logicalDatatype>LOGDT024</logicalDatatype>
<dataTypeSize>50</dataTypeSize>
<ownDataTypeParameters>50,,</ownDataTypeParameters>
<autoIncrementCycle>false</autoIncrementCycle>
</Column>
<Column name="YR1973" id="82FD0EDE-3A58-7452-D744-9FE1AA8884E6">
<createdBy>PC</createdBy>
<createdTime>2021-11-22 11:00:06 UTC</createdTime>
<ownerDesignName>MCBAssignment_DataModel</ownerDesignName>
<nullsAllowed>true</nullsAllowed>
<useDomainConstraints>false</useDomainConstraints>
<use>1</use>
<logicalDatatype>LOGDT024</logicalDatatype>
<dataTypeSize>50</dataTypeSize>
<ownDataTypeParameters>50,,</ownDataTypeParameters>
<autoIncrementCycle>false</autoIncrementCycle>
</Column>
<Column name="YR1974" id="071DB14F-B6A5-56B1-418D-D6136622BF75">
<createdBy>PC</createdBy>
<createdTime>2021-11-22 11:00:06 UTC</createdTime>
<ownerDesignName>MCBAssignment_DataModel</ownerDesignName>
<nullsAllowed>true</nullsAllowed>
<useDomainConstraints>false</useDomainConstraints>
<use>1</use>
<logicalDatatype>LOGDT024</logicalDatatype>
<dataTypeSize>50</dataTypeSize>
<ownDataTypeParameters>50,,</ownDataTypeParameters>
<autoIncrementCycle>false</autoIncrementCycle>
</Column>
<Column name="YR1975" id="37E95F3D-DE43-9A19-536D-2891B2AC8840">
<createdBy>PC</createdBy>
<createdTime>2021-11-22 11:00:06 UTC</createdTime>
<ownerDesignName>MCBAssignment_DataModel</ownerDesignName>
<nullsAllowed>true</nullsAllowed>
<useDomainConstraints>false</useDomainConstraints>
<use>1</use>
<logicalDatatype>LOGDT024</logicalDatatype>
<dataTypeSize>50</dataTypeSize>
<ownDataTypeParameters>50,,</ownDataTypeParameters>
<autoIncrementCycle>false</autoIncrementCycle>
</Column>
<Column name="YR1976" id="31CDD6D0-7C46-FE6B-716A-8E9F4AEDF574">
<createdBy>PC</createdBy>
<createdTime>2021-11-22 11:00:06 UTC</createdTime>
<ownerDesignName>MCBAssignment_DataModel</ownerDesignName>
<nullsAllowed>true</nullsAllowed>
<useDomainConstraints>false</useDomainConstraints>
<use>1</use>
<logicalDatatype>LOGDT024</logicalDatatype>
<dataTypeSize>50</dataTypeSize>
<ownDataTypeParameters>50,,</ownDataTypeParameters>
<autoIncrementCycle>false</autoIncrementCycle>
</Column>
<Column name="YR1977" id="C3E5DE08-4808-ED27-1CE8-9AB8BFE64153">
<createdBy>PC</createdBy>
<createdTime>2021-11-22 11:00:06 UTC</createdTime>
<ownerDesignName>MCBAssignment_DataModel</ownerDesignName>
<nullsAllowed>true</nullsAllowed>
<useDomainConstraints>false</useDomainConstraints>
<use>1</use>
<logicalDatatype>LOGDT024</logicalDatatype>
<dataTypeSize>50</dataTypeSize>
<ownDataTypeParameters>50,,</ownDataTypeParameters>
<autoIncrementCycle>false</autoIncrementCycle>
</Column>
<Column name="YR1978" id="D8712772-BD4A-F079-498F-BFB54165A4A5">
<createdBy>PC</createdBy>
<createdTime>2021-11-22 11:00:06 UTC</createdTime>
<ownerDesignName>MCBAssignment_DataModel</ownerDesignName>
<nullsAllowed>true</nullsAllowed>
<useDomainConstraints>false</useDomainConstraints>
<use>1</use>
<logicalDatatype>LOGDT024</logicalDatatype>
<dataTypeSize>50</dataTypeSize>
<ownDataTypeParameters>50,,</ownDataTypeParameters>
<autoIncrementCycle>false</autoIncrementCycle>
</Column>
<Column name="YR1979" id="53ACA2FD-4D63-2124-859C-775412055EA2">
<createdBy>PC</createdBy>
<createdTime>2021-11-22 11:00:06 UTC</createdTime>
<ownerDesignName>MCBAssignment_DataModel</ownerDesignName>
<nullsAllowed>true</nullsAllowed>
<useDomainConstraints>false</useDomainConstraints>
<use>1</use>
<logicalDatatype>LOGDT024</logicalDatatype>
<dataTypeSize>50</dataTypeSize>
<ownDataTypeParameters>50,,</ownDataTypeParameters>
<autoIncrementCycle>false</autoIncrementCycle>
</Column>
<Column name="YR1980" id="BD3A2596-39DF-C696-9581-AB78043EBAA0">
<createdBy>PC</createdBy>
<createdTime>2021-11-22 11:00:06 UTC</createdTime>
<ownerDesignName>MCBAssignment_DataModel</ownerDesignName>
<nullsAllowed>true</nullsAllowed>
<useDomainConstraints>false</useDomainConstraints>
<use>1</use>
<logicalDatatype>LOGDT024</logicalDatatype>
<dataTypeSize>50</dataTypeSize>
<ownDataTypeParameters>50,,</ownDataTypeParameters>
<autoIncrementCycle>false</autoIncrementCycle>
</Column>
<Column name="YR1981" id="11A948A5-0783-5E1F-244D-11CC84E18D53">
<createdBy>PC</createdBy>
<createdTime>2021-11-22 11:00:06 UTC</createdTime>
<ownerDesignName>MCBAssignment_DataModel</ownerDesignName>
<nullsAllowed>true</nullsAllowed>
<useDomainConstraints>false</useDomainConstraints>
<use>1</use>
<logicalDatatype>LOGDT024</logicalDatatype>
<dataTypeSize>50</dataTypeSize>
<ownDataTypeParameters>50,,</ownDataTypeParameters>
<autoIncrementCycle>false</autoIncrementCycle>
</Column>
<Column name="YR1982" id="8229A462-38F9-A573-D235-3B0468A66BB3">
<createdBy>PC</createdBy>
<createdTime>2021-11-22 11:00:06 UTC</createdTime>
<ownerDesignName>MCBAssignment_DataModel</ownerDesignName>
<nullsAllowed>true</nullsAllowed>
<useDomainConstraints>false</useDomainConstraints>
<use>1</use>
<logicalDatatype>LOGDT024</logicalDatatype>
<dataTypeSize>50</dataTypeSize>
<ownDataTypeParameters>50,,</ownDataTypeParameters>
<autoIncrementCycle>false</autoIncrementCycle>
</Column>
<Column name="YR1983" id="E83BB68B-D66B-37B7-2574-646B03BFB2AE">
<createdBy>PC</createdBy>
<createdTime>2021-11-22 11:00:06 UTC</createdTime>
<ownerDesignName>MCBAssignment_DataModel</ownerDesignName>
<nullsAllowed>true</nullsAllowed>
<useDomainConstraints>false</useDomainConstraints>
<use>1</use>
<logicalDatatype>LOGDT024</logicalDatatype>
<dataTypeSize>50</dataTypeSize>
<ownDataTypeParameters>50,,</ownDataTypeParameters>
<autoIncrementCycle>false</autoIncrementCycle>
</Column>
<Column name="YR1984" id="E663863A-1490-B513-D9EF-2A27D5431556">
<createdBy>PC</createdBy>
<createdTime>2021-11-22 11:00:06 UTC</createdTime>
<ownerDesignName>MCBAssignment_DataModel</ownerDesignName>
<nullsAllowed>true</nullsAllowed>
<useDomainConstraints>false</useDomainConstraints>
<use>1</use>
<logicalDatatype>LOGDT024</logicalDatatype>
<dataTypeSize>50</dataTypeSize>
<ownDataTypeParameters>50,,</ownDataTypeParameters>
<autoIncrementCycle>false</autoIncrementCycle>
</Column>
<Column name="YR1985" id="87EF5816-E858-E481-E3E5-A6512CD3EC6F">
<createdBy>PC</createdBy>
<createdTime>2021-11-22 11:00:06 UTC</createdTime>
<ownerDesignName>MCBAssignment_DataModel</ownerDesignName>
<nullsAllowed>true</nullsAllowed>
<useDomainConstraints>false</useDomainConstraints>
<use>1</use>
<logicalDatatype>LOGDT024</logicalDatatype>
<dataTypeSize>50</dataTypeSize>
<ownDataTypeParameters>50,,</ownDataTypeParameters>
<autoIncrementCycle>false</autoIncrementCycle>
</Column>
<Column name="YR1986" id="03FF30AB-D8B3-94F5-F029-F98766AC3AC1">
<createdBy>PC</createdBy>
<createdTime>2021-11-22 11:00:06 UTC</createdTime>
<ownerDesignName>MCBAssignment_DataModel</ownerDesignName>
<nullsAllowed>true</nullsAllowed>
<useDomainConstraints>false</useDomainConstraints>
<use>1</use>
<logicalDatatype>LOGDT024</logicalDatatype>
<dataTypeSize>50</dataTypeSize>
<ownDataTypeParameters>50,,</ownDataTypeParameters>
<autoIncrementCycle>false</autoIncrementCycle>
</Column>
<Column name="YR1987" id="A48BEC32-CED1-2385-9F88-FD033AF813A1">
<createdBy>PC</createdBy>
<createdTime>2021-11-22 11:00:06 UTC</createdTime>
<ownerDesignName>MCBAssignment_DataModel</ownerDesignName>
<nullsAllowed>true</nullsAllowed>
<useDomainConstraints>false</useDomainConstraints>
<use>1</use>
<logicalDatatype>LOGDT024</logicalDatatype>
<dataTypeSize>50</dataTypeSize>
<ownDataTypeParameters>50,,</ownDataTypeParameters>
<autoIncrementCycle>false</autoIncrementCycle>
</Column>
<Column name="YR1988" id="59663CC2-DE4F-2BE8-11C4-D9D3771C55FD">
<createdBy>PC</createdBy>
<createdTime>2021-11-22 11:00:06 UTC</createdTime>
<ownerDesignName>MCBAssignment_DataModel</ownerDesignName>
<nullsAllowed>true</nullsAllowed>
<useDomainConstraints>false</useDomainConstraints>
<use>1</use>
<logicalDatatype>LOGDT024</logicalDatatype>
<dataTypeSize>50</dataTypeSize>
<ownDataTypeParameters>50,,</ownDataTypeParameters>
<autoIncrementCycle>false</autoIncrementCycle>
</Column>
<Column name="YR1989" id="A9955B1D-12AA-CEB2-9E39-57896E18E57F">
<createdBy>PC</createdBy>
<createdTime>2021-11-22 11:00:06 UTC</createdTime>
<ownerDesignName>MCBAssignment_DataModel</ownerDesignName>
<nullsAllowed>true</nullsAllowed>
<useDomainConstraints>false</useDomainConstraints>
<use>1</use>
<logicalDatatype>LOGDT024</logicalDatatype>
<dataTypeSize>50</dataTypeSize>
<ownDataTypeParameters>50,,</ownDataTypeParameters>
<autoIncrementCycle>false</autoIncrementCycle>
</Column>
<Column name="YR1990" id="56119493-50DE-FDAF-9B18-171B6AE2796A">
<createdBy>PC</createdBy>
<createdTime>2021-11-22 11:00:06 UTC</createdTime>
<ownerDesignName>MCBAssignment_DataModel</ownerDesignName>
<nullsAllowed>true</nullsAllowed>
<useDomainConstraints>false</useDomainConstraints>
<use>1</use>
<logicalDatatype>LOGDT024</logicalDatatype>
<dataTypeSize>50</dataTypeSize>
<ownDataTypeParameters>50,,</ownDataTypeParameters>
<autoIncrementCycle>false</autoIncrementCycle>
</Column>
<Column name="YR1991" id="C998F5A9-82FD-29EA-4AFD-05A2EADF75D4">
<createdBy>PC</createdBy>
<createdTime>2021-11-22 11:00:06 UTC</createdTime>
<ownerDesignName>MCBAssignment_DataModel</ownerDesignName>
<nullsAllowed>true</nullsAllowed>
<useDomainConstraints>false</useDomainConstraints>
<use>1</use>
<logicalDatatype>LOGDT024</logicalDatatype>
<dataTypeSize>50</dataTypeSize>
<ownDataTypeParameters>50,,</ownDataTypeParameters>
<autoIncrementCycle>false</autoIncrementCycle>
</Column>
<Column name="YR1992" id="5B900F30-F534-1069-CBA3-B0B0059314BC">
<createdBy>PC</createdBy>
<createdTime>2021-11-22 11:00:06 UTC</createdTime>
<ownerDesignName>MCBAssignment_DataModel</ownerDesignName>
<nullsAllowed>true</nullsAllowed>
<useDomainConstraints>false</useDomainConstraints>
<use>1</use>
<logicalDatatype>LOGDT024</logicalDatatype>
<dataTypeSize>50</dataTypeSize>
<ownDataTypeParameters>50,,</ownDataTypeParameters>
<autoIncrementCycle>false</autoIncrementCycle>
</Column>
<Column name="YR1993" id="577A6299-5BA9-B777-907A-DF9CD9AC2DC3">
<createdBy>PC</createdBy>
<createdTime>2021-11-22 11:00:06 UTC</createdTime>
<ownerDesignName>MCBAssignment_DataModel</ownerDesignName>
<nullsAllowed>true</nullsAllowed>
<useDomainConstraints>false</useDomainConstraints>
<use>1</use>
<logicalDatatype>LOGDT024</logicalDatatype>
<dataTypeSize>50</dataTypeSize>
<ownDataTypeParameters>50,,</ownDataTypeParameters>
<autoIncrementCycle>false</autoIncrementCycle>
</Column>
<Column name="YR1994" id="D995D382-6FE3-CB62-2C13-3FD086BBED8F">
<createdBy>PC</createdBy>
<createdTime>2021-11-22 11:00:06 UTC</createdTime>
<ownerDesignName>MCBAssignment_DataModel</ownerDesignName>
<nullsAllowed>true</nullsAllowed>
<useDomainConstraints>false</useDomainConstraints>
<use>1</use>
<logicalDatatype>LOGDT024</logicalDatatype>
<dataTypeSize>50</dataTypeSize>
<ownDataTypeParameters>50,,</ownDataTypeParameters>
<autoIncrementCycle>false</autoIncrementCycle>
</Column>
<Column name="YR1995" id="E0236E86-81E6-19AD-9874-48C112131834">
<createdBy>PC</createdBy>
<createdTime>2021-11-22 11:00:06 UTC</createdTime>
<ownerDesignName>MCBAssignment_DataModel</ownerDesignName>
<nullsAllowed>true</nullsAllowed>
<useDomainConstraints>false</useDomainConstraints>
<use>1</use>
<logicalDatatype>LOGDT024</logicalDatatype>
<dataTypeSize>50</dataTypeSize>
<ownDataTypeParameters>50,,</ownDataTypeParameters>
<autoIncrementCycle>false</autoIncrementCycle>
</Column>
<Column name="YR1996" id="9A6E8298-6F22-D809-B6BA-616A32F519CF">
<createdBy>PC</createdBy>
<createdTime>2021-11-22 11:00:06 UTC</createdTime>
<ownerDesignName>MCBAssignment_DataModel</ownerDesignName>
<nullsAllowed>true</nullsAllowed>
<useDomainConstraints>false</useDomainConstraints>
<use>1</use>
<logicalDatatype>LOGDT024</logicalDatatype>
<dataTypeSize>50</dataTypeSize>
<ownDataTypeParameters>50,,</ownDataTypeParameters>
<autoIncrementCycle>false</autoIncrementCycle>
</Column>
<Column name="YR1997" id="9262B080-459F-475A-81A5-87E53E5E92A2">
<createdBy>PC</createdBy>
<createdTime>2021-11-22 11:00:06 UTC</createdTime>
<ownerDesignName>MCBAssignment_DataModel</ownerDesignName>
<nullsAllowed>true</nullsAllowed>
<useDomainConstraints>false</useDomainConstraints>
<use>1</use>
<logicalDatatype>LOGDT024</logicalDatatype>
<dataTypeSize>50</dataTypeSize>
<ownDataTypeParameters>50,,</ownDataTypeParameters>
<autoIncrementCycle>false</autoIncrementCycle>
</Column>
<Column name="YR1998" id="B75A1682-3F07-4A54-55FC-B3F6AE3A935F">
<createdBy>PC</createdBy>
<createdTime>2021-11-22 11:00:06 UTC</createdTime>
<ownerDesignName>MCBAssignment_DataModel</ownerDesignName>
<nullsAllowed>true</nullsAllowed>
<useDomainConstraints>false</useDomainConstraints>
<use>1</use>
<logicalDatatype>LOGDT024</logicalDatatype>
<dataTypeSize>50</dataTypeSize>
<ownDataTypeParameters>50,,</ownDataTypeParameters>
<autoIncrementCycle>false</autoIncrementCycle>
</Column>
<Column name="YR1999" id="080E7342-04EA-7E75-203B-7B8A0071B8B9">
<createdBy>PC</createdBy>
<createdTime>2021-11-22 11:00:06 UTC</createdTime>
<ownerDesignName>MCBAssignment_DataModel</ownerDesignName>
<nullsAllowed>true</nullsAllowed>
<useDomainConstraints>false</useDomainConstraints>
<use>1</use>
<logicalDatatype>LOGDT024</logicalDatatype>
<dataTypeSize>50</dataTypeSize>
<ownDataTypeParameters>50,,</ownDataTypeParameters>
<autoIncrementCycle>false</autoIncrementCycle>
</Column>
<Column name="YR2000" id="39E8AC65-4057-A1D8-5B8D-2D643E25195A">
<createdBy>PC</createdBy>
<createdTime>2021-11-22 11:00:06 UTC</createdTime>
<ownerDesignName>MCBAssignment_DataModel</ownerDesignName>
<nullsAllowed>true</nullsAllowed>
<useDomainConstraints>false</useDomainConstraints>
<use>1</use>
<logicalDatatype>LOGDT024</logicalDatatype>
<dataTypeSize>50</dataTypeSize>
<ownDataTypeParameters>50,,</ownDataTypeParameters>
<autoIncrementCycle>false</autoIncrementCycle>
</Column>
<Column name="YR2001" id="7E571D89-6073-82B0-94D7-8F03451E4AED">
<createdBy>PC</createdBy>
<createdTime>2021-11-22 11:00:06 UTC</createdTime>
<ownerDesignName>MCBAssignment_DataModel</ownerDesignName>
<nullsAllowed>true</nullsAllowed>
<useDomainConstraints>false</useDomainConstraints>
<use>1</use>
<logicalDatatype>LOGDT024</logicalDatatype>
<dataTypeSize>50</dataTypeSize>
<ownDataTypeParameters>50,,</ownDataTypeParameters>
<autoIncrementCycle>false</autoIncrementCycle>
</Column>
<Column name="YR2002" id="38C7E9A0-5491-010C-A36C-90DF9BCDD222">
<createdBy>PC</createdBy>
<createdTime>2021-11-22 11:00:06 UTC</createdTime>
<ownerDesignName>MCBAssignment_DataModel</ownerDesignName>
<nullsAllowed>true</nullsAllowed>
<useDomainConstraints>false</useDomainConstraints>
<use>1</use>
<logicalDatatype>LOGDT024</logicalDatatype>
<dataTypeSize>50</dataTypeSize>
<ownDataTypeParameters>50,,</ownDataTypeParameters>
<autoIncrementCycle>false</autoIncrementCycle>
</Column>
<Column name="YR2003" id="D74CA0E5-7462-A43F-9763-428B4CFEF956">
<createdBy>PC</createdBy>
<createdTime>2021-11-22 11:00:06 UTC</createdTime>
<ownerDesignName>MCBAssignment_DataModel</ownerDesignName>
<nullsAllowed>true</nullsAllowed>
<useDomainConstraints>false</useDomainConstraints>
<use>1</use>
<logicalDatatype>LOGDT024</logicalDatatype>
<dataTypeSize>50</dataTypeSize>
<ownDataTypeParameters>50,,</ownDataTypeParameters>
<autoIncrementCycle>false</autoIncrementCycle>
</Column>
<Column name="YR2004" id="F21471A5-5E5D-A5AD-57B6-3C27BFC366FF">
<createdBy>PC</createdBy>
<createdTime>2021-11-22 11:00:06 UTC</createdTime>
<ownerDesignName>MCBAssignment_DataModel</ownerDesignName>
<nullsAllowed>true</nullsAllowed>
<useDomainConstraints>false</useDomainConstraints>
<use>1</use>
<logicalDatatype>LOGDT024</logicalDatatype>
<dataTypeSize>50</dataTypeSize>
<ownDataTypeParameters>50,,</ownDataTypeParameters>
<autoIncrementCycle>false</autoIncrementCycle>
</Column>
<Column name="YR2005" id="C0E4B2F8-5774-FC8A-A77A-C71D2D397DF5">
<createdBy>PC</createdBy>
<createdTime>2021-11-22 11:00:06 UTC</createdTime>
<ownerDesignName>MCBAssignment_DataModel</ownerDesignName>
<nullsAllowed>true</nullsAllowed>
<useDomainConstraints>false</useDomainConstraints>
<use>1</use>
<logicalDatatype>LOGDT024</logicalDatatype>
<dataTypeSize>50</dataTypeSize>
<ownDataTypeParameters>50,,</ownDataTypeParameters>
<autoIncrementCycle>false</autoIncrementCycle>
</Column>
<Column name="YR2006" id="00BB6E54-FE86-FB14-9AC0-CBFB62CFABD6">
<createdBy>PC</createdBy>
<createdTime>2021-11-22 11:00:06 UTC</createdTime>
<ownerDesignName>MCBAssignment_DataModel</ownerDesignName>
<nullsAllowed>true</nullsAllowed>
<useDomainConstraints>false</useDomainConstraints>
<use>1</use>
<logicalDatatype>LOGDT024</logicalDatatype>
<dataTypeSize>50</dataTypeSize>
<ownDataTypeParameters>50,,</ownDataTypeParameters>
<autoIncrementCycle>false</autoIncrementCycle>
</Column>
<Column name="YR2007" id="A645C4F1-E359-EBA7-EBF2-E5FA6F79DD0B">
<createdBy>PC</createdBy>
<createdTime>2021-11-22 11:00:06 UTC</createdTime>
<ownerDesignName>MCBAssignment_DataModel</ownerDesignName>
<nullsAllowed>true</nullsAllowed>
<useDomainConstraints>false</useDomainConstraints>
<use>1</use>
<logicalDatatype>LOGDT024</logicalDatatype>
<dataTypeSize>50</dataTypeSize>
<ownDataTypeParameters>50,,</ownDataTypeParameters>
<autoIncrementCycle>false</autoIncrementCycle>
</Column>
<Column name="YR2008" id="9BE6FB2C-C77C-3C4C-E004-975C685FE245">
<createdBy>PC</createdBy>
<createdTime>2021-11-22 11:00:06 UTC</createdTime>
<ownerDesignName>MCBAssignment_DataModel</ownerDesignName>
<nullsAllowed>true</nullsAllowed>
<useDomainConstraints>false</useDomainConstraints>
<use>1</use>
<logicalDatatype>LOGDT024</logicalDatatype>
<dataTypeSize>50</dataTypeSize>
<ownDataTypeParameters>50,,</ownDataTypeParameters>
<autoIncrementCycle>false</autoIncrementCycle>
</Column>
<Column name="YR2009" id="60F26E7D-6B50-C355-E901-F58950CB53EA">
<createdBy>PC</createdBy>
<createdTime>2021-11-22 11:00:06 UTC</createdTime>
<ownerDesignName>MCBAssignment_DataModel</ownerDesignName>
<nullsAllowed>true</nullsAllowed>
<useDomainConstraints>false</useDomainConstraints>
<use>1</use>
<logicalDatatype>LOGDT024</logicalDatatype>
<dataTypeSize>50</dataTypeSize>
<ownDataTypeParameters>50,,</ownDataTypeParameters>
<autoIncrementCycle>false</autoIncrementCycle>
</Column>
<Column name="YR2010" id="BCAFA7A3-2D14-F5DA-034E-D84B4727BD23">
<createdBy>PC</createdBy>
<createdTime>2021-11-22 11:00:06 UTC</createdTime>
<ownerDesignName>MCBAssignment_DataModel</ownerDesignName>
<nullsAllowed>true</nullsAllowed>
<useDomainConstraints>false</useDomainConstraints>
<use>1</use>
<logicalDatatype>LOGDT024</logicalDatatype>
<dataTypeSize>50</dataTypeSize>
<ownDataTypeParameters>50,,</ownDataTypeParameters>
<autoIncrementCycle>false</autoIncrementCycle>
</Column>
<Column name="YR2011" id="8927B964-E4C7-CEBF-2E59-4216F009F7F8">
<createdBy>PC</createdBy>
<createdTime>2021-11-22 11:00:06 UTC</createdTime>
<ownerDesignName>MCBAssignment_DataModel</ownerDesignName>
<nullsAllowed>true</nullsAllowed>
<useDomainConstraints>false</useDomainConstraints>
<use>1</use>
<logicalDatatype>LOGDT024</logicalDatatype>
<dataTypeSize>50</dataTypeSize>
<ownDataTypeParameters>50,,</ownDataTypeParameters>
<autoIncrementCycle>false</autoIncrementCycle>
</Column>
<Column name="YR2012" id="62AB60B5-5187-89AB-5CC4-33676B248C58">
<createdBy>PC</createdBy>
<createdTime>2021-11-22 11:00:06 UTC</createdTime>
<ownerDesignName>MCBAssignment_DataModel</ownerDesignName>
<nullsAllowed>true</nullsAllowed>
<useDomainConstraints>false</useDomainConstraints>
<use>1</use>
<logicalDatatype>LOGDT024</logicalDatatype>
<dataTypeSize>50</dataTypeSize>
<ownDataTypeParameters>50,,</ownDataTypeParameters>
<autoIncrementCycle>false</autoIncrementCycle>
</Column>
<Column name="YR2013" id="A53F6662-0127-FCE8-FCA4-9BDD6F587722">
<createdBy>PC</createdBy>
<createdTime>2021-11-22 11:00:06 UTC</createdTime>
<ownerDesignName>MCBAssignment_DataModel</ownerDesignName>
<nullsAllowed>true</nullsAllowed>
<useDomainConstraints>false</useDomainConstraints>
<use>1</use>
<logicalDatatype>LOGDT024</logicalDatatype>
<dataTypeSize>50</dataTypeSize>
<ownDataTypeParameters>50,,</ownDataTypeParameters>
<autoIncrementCycle>false</autoIncrementCycle>
</Column>
<Column name="YR2014" id="86BA61D0-EAF0-E70F-2851-A9CD72050B0E">
<createdBy>PC</createdBy>
<createdTime>2021-11-22 11:00:06 UTC</createdTime>
<ownerDesignName>MCBAssignment_DataModel</ownerDesignName>
<nullsAllowed>true</nullsAllowed>
<useDomainConstraints>false</useDomainConstraints>
<use>1</use>
<logicalDatatype>LOGDT024</logicalDatatype>
<dataTypeSize>50</dataTypeSize>
<ownDataTypeParameters>50,,</ownDataTypeParameters>
<autoIncrementCycle>false</autoIncrementCycle>
</Column>
<Column name="YR2015" id="CD5D517D-619F-91A5-A85A-6E18CDD72636">
<createdBy>PC</createdBy>
<createdTime>2021-11-22 11:00:06 UTC</createdTime>
<ownerDesignName>MCBAssignment_DataModel</ownerDesignName>
<nullsAllowed>true</nullsAllowed>
<useDomainConstraints>false</useDomainConstraints>
<use>1</use>
<logicalDatatype>LOGDT024</logicalDatatype>
<dataTypeSize>50</dataTypeSize>
<ownDataTypeParameters>50,,</ownDataTypeParameters>
<autoIncrementCycle>false</autoIncrementCycle>
</Column>
<Column name="YR2016" id="ABF77BBD-3446-F6A3-1772-B60B732A9C1E">
<createdBy>PC</createdBy>
<createdTime>2021-11-22 11:00:06 UTC</createdTime>
<ownerDesignName>MCBAssignment_DataModel</ownerDesignName>
<nullsAllowed>true</nullsAllowed>
<useDomainConstraints>false</useDomainConstraints>
<use>1</use>
<logicalDatatype>LOGDT024</logicalDatatype>
<dataTypeSize>50</dataTypeSize>
<ownDataTypeParameters>50,,</ownDataTypeParameters>
<autoIncrementCycle>false</autoIncrementCycle>
</Column>
<Column name="YR2017" id="35DA9C64-6467-CEBE-9529-1FD2D1E0EFA4">
<createdBy>PC</createdBy>
<createdTime>2021-11-22 11:00:06 UTC</createdTime>
<ownerDesignName>MCBAssignment_DataModel</ownerDesignName>
<nullsAllowed>true</nullsAllowed>
<useDomainConstraints>false</useDomainConstraints>
<use>1</use>
<logicalDatatype>LOGDT024</logicalDatatype>
<dataTypeSize>50</dataTypeSize>
<ownDataTypeParameters>50,,</ownDataTypeParameters>
<autoIncrementCycle>false</autoIncrementCycle>
</Column>
<Column name="YR2018" id="E954D186-8A81-8EC8-487A-BBB3B52076D3">
<createdBy>PC</createdBy>
<createdTime>2021-11-22 11:00:06 UTC</createdTime>
<ownerDesignName>MCBAssignment_DataModel</ownerDesignName>
<nullsAllowed>true</nullsAllowed>
<useDomainConstraints>false</useDomainConstraints>
<use>1</use>
<logicalDatatype>LOGDT024</logicalDatatype>
<dataTypeSize>50</dataTypeSize>
<ownDataTypeParameters>50,,</ownDataTypeParameters>
<autoIncrementCycle>false</autoIncrementCycle>
</Column>
<Column name="YR2019" id="2A510D53-D43E-752B-191A-3E0019649338">
<createdBy>PC</createdBy>
<createdTime>2021-11-22 11:00:06 UTC</createdTime>
<ownerDesignName>MCBAssignment_DataModel</ownerDesignName>
<nullsAllowed>true</nullsAllowed>
<useDomainConstraints>false</useDomainConstraints>
<use>1</use>
<logicalDatatype>LOGDT024</logicalDatatype>
<dataTypeSize>50</dataTypeSize>
<ownDataTypeParameters>50,,</ownDataTypeParameters>
<autoIncrementCycle>false</autoIncrementCycle>
</Column>
<Column name="YR2020" id="9ABDDCBC-8B1C-DAD5-CEF9-CE5C4FD4B2D8">
<createdBy>PC</createdBy>
<createdTime>2021-11-22 11:00:06 UTC</createdTime>
<ownerDesignName>MCBAssignment_DataModel</ownerDesignName>
<nullsAllowed>true</nullsAllowed>
<useDomainConstraints>false</useDomainConstraints>
<use>1</use>
<logicalDatatype>LOGDT024</logicalDatatype>
<dataTypeSize>50</dataTypeSize>
<ownDataTypeParameters>50,,</ownDataTypeParameters>
<autoIncrementCycle>false</autoIncrementCycle>
</Column>
</columns>
</Table>