<?xml version = '1.0' encoding = 'UTF-8'?>
<Table class="oracle.dbtools.crest.model.design.relational.Table" directorySegmentName="seg_0" id="E631CDEC-B6C2-123A-F2AA-0B4842D5DF3B" name="DW_DIM_COUNTRY">
<createdBy>PC</createdBy>
<createdTime>2021-11-22 11:46:06 UTC</createdTime>
<ownerDesignName>MCBAssignment_DataModel</ownerDesignName>
<ordsAlias>table_3</ordsAlias>
<abbreviation>DW_DIM_COUNTRY</abbreviation>
<allowColumnReorder>false</allowColumnReorder>
<existDependencyGenerateInDDl>true</existDependencyGenerateInDDl>
<parsed>true</parsed>
<columns itemClass="oracle.dbtools.crest.model.design.relational.Column">
<Column name="CountryID" id="95F26C97-3AFA-2D49-C605-C005880879E4">
<createdBy>PC</createdBy>
<createdTime>2021-11-22 11:46:55 UTC</createdTime>
<ownerDesignName>MCBAssignment_DataModel</ownerDesignName>
<useDomainConstraints>false</useDomainConstraints>
<use>1</use>
<logicalDatatype>LOGDT027</logicalDatatype>
<ownDataTypeParameters>,,</ownDataTypeParameters>
<autoIncrementColumn>true</autoIncrementColumn>
<identityColumn>true</identityColumn>
<autoIncrementCycle>false</autoIncrementCycle>
</Column>
<Column name="CountryCode" id="EB6B77CB-7C52-A720-F808-02CCFB5E74A3">
<createdBy>PC</createdBy>
<createdTime>2021-11-22 11:46:06 UTC</createdTime>
<ownerDesignName>MCBAssignment_DataModel</ownerDesignName>
<nullsAllowed>true</nullsAllowed>
<useDomainConstraints>false</useDomainConstraints>
<use>1</use>
<logicalDatatype>LOGDT024</logicalDatatype>
<dataTypeSize>20</dataTypeSize>
<ownDataTypeParameters>20,,</ownDataTypeParameters>
<autoIncrementCycle>false</autoIncrementCycle>
</Column>
<Column name="ShortName" id="C72464DF-AC02-C9E3-DC7C-FD16808439D0">
<createdBy>PC</createdBy>
<createdTime>2021-11-22 11:46:06 UTC</createdTime>
<ownerDesignName>MCBAssignment_DataModel</ownerDesignName>
<nullsAllowed>true</nullsAllowed>
<useDomainConstraints>false</useDomainConstraints>
<use>1</use>
<logicalDatatype>LOGDT024</logicalDatatype>
<dataTypeSize>50</dataTypeSize>
<ownDataTypeParameters>50,,</ownDataTypeParameters>
<autoIncrementCycle>false</autoIncrementCycle>
</Column>
<Column name="TableName" id="8285B718-1463-E8EE-1AAB-E1FB1AF6A459">
<createdBy>PC</createdBy>
<createdTime>2021-11-22 11:46:06 UTC</createdTime>
<ownerDesignName>MCBAssignment_DataModel</ownerDesignName>
<nullsAllowed>true</nullsAllowed>
<useDomainConstraints>false</useDomainConstraints>
<use>1</use>
<logicalDatatype>LOGDT024</logicalDatatype>
<dataTypeSize>50</dataTypeSize>
<ownDataTypeParameters>50,,</ownDataTypeParameters>
<autoIncrementCycle>false</autoIncrementCycle>
</Column>
<Column name="LongName" id="E5E49B6E-C092-DFFB-112E-2CC26EB26EC7">
<createdBy>PC</createdBy>
<createdTime>2021-11-22 11:46:06 UTC</createdTime>
<ownerDesignName>MCBAssignment_DataModel</ownerDesignName>
<nullsAllowed>true</nullsAllowed>
<useDomainConstraints>false</useDomainConstraints>
<use>1</use>
<logicalDatatype>LOGDT024</logicalDatatype>
<dataTypeSize>255</dataTypeSize>
<ownDataTypeParameters>255,,</ownDataTypeParameters>
<autoIncrementCycle>false</autoIncrementCycle>
</Column>
<Column name="Region" id="E0D5EC75-FD1C-09E9-808C-AD08AD4B7ACB">
<createdBy>PC</createdBy>
<createdTime>2021-11-22 11:46:06 UTC</createdTime>
<ownerDesignName>MCBAssignment_DataModel</ownerDesignName>
<nullsAllowed>true</nullsAllowed>
<useDomainConstraints>false</useDomainConstraints>
<use>1</use>
<logicalDatatype>LOGDT024</logicalDatatype>
<dataTypeSize>50</dataTypeSize>
<ownDataTypeParameters>50,,</ownDataTypeParameters>
<autoIncrementCycle>false</autoIncrementCycle>
</Column>
</columns>
<indexes itemClass="oracle.dbtools.crest.model.design.relational.Index">
<ind_PK_UK id="F7A15F71-EA7A-2012-2172-C1FFAA92CF45" name="DW_DIM_COUNTRY_PK">
<createdBy>PC</createdBy>
<createdTime>2021-11-22 11:46:55 UTC</createdTime>
<ownerDesignName>MCBAssignment_DataModel</ownerDesignName>
<pk>true</pk>
<indexState>Primary Constraint</indexState>
<isSurrogateKey>false</isSurrogateKey>
<indexColumnUsage>
<colUsage columnID="95F26C97-3AFA-2D49-C605-C005880879E4"/>
</indexColumnUsage>
</ind_PK_UK>
</indexes>
</Table>