<?xml version = '1.0' encoding = 'UTF-8'?>
<Table class="oracle.dbtools.crest.model.design.relational.Table" directorySegmentName="seg_0" id="FC4135EC-DE95-67FE-83B9-0876A8A93F49" name="DW_DIM_TIME">
<createdBy>PC</createdBy>
<createdTime>2021-11-22 11:47:53 UTC</createdTime>
<ownerDesignName>MCBAssignment_DataModel</ownerDesignName>
<ordsAlias>table_4</ordsAlias>
<abbreviation>DW_DIM_TIME</abbreviation>
<allowColumnReorder>false</allowColumnReorder>
<existDependencyGenerateInDDl>true</existDependencyGenerateInDDl>
<parsed>true</parsed>
<columns itemClass="oracle.dbtools.crest.model.design.relational.Column">
<Column name="TimeID" id="2DE7738D-53A4-241E-C7AA-3A6F812B9EAF">
<createdBy>PC</createdBy>
<createdTime>2021-11-22 11:48:09 UTC</createdTime>
<ownerDesignName>MCBAssignment_DataModel</ownerDesignName>
<useDomainConstraints>false</useDomainConstraints>
<use>1</use>
<logicalDatatype>LOGDT027</logicalDatatype>
<ownDataTypeParameters>,,</ownDataTypeParameters>
<autoIncrementColumn>true</autoIncrementColumn>
<identityColumn>true</identityColumn>
<autoIncrementCycle>false</autoIncrementCycle>
</Column>
<Column name="Year" id="1C399A58-CA63-402A-A7AB-E110C81DA0C9">
<createdBy>PC</createdBy>
<createdTime>2021-11-22 11:47:53 UTC</createdTime>
<ownerDesignName>MCBAssignment_DataModel</ownerDesignName>
<nullsAllowed>true</nullsAllowed>
<useDomainConstraints>false</useDomainConstraints>
<use>1</use>
<logicalDatatype>LOGDT019</logicalDatatype>
<dataTypePrecision>10</dataTypePrecision>
<ownDataTypeParameters>,10,</ownDataTypeParameters>
<autoIncrementCycle>false</autoIncrementCycle>
</Column>
<Column name="StartDate" id="B8C7EBCA-2F39-01E8-43EF-8F5E305B8C51">
<createdBy>PC</createdBy>
<createdTime>2021-11-22 11:47:53 UTC</createdTime>
<ownerDesignName>MCBAssignment_DataModel</ownerDesignName>
<nullsAllowed>true</nullsAllowed>
<useDomainConstraints>false</useDomainConstraints>
<use>1</use>
<logicalDatatype>LOGDT007</logicalDatatype>
<ownDataTypeParameters>,,</ownDataTypeParameters>
<autoIncrementCycle>false</autoIncrementCycle>
</Column>
</columns>
<indexes itemClass="oracle.dbtools.crest.model.design.relational.Index">
<ind_PK_UK id="A386C41D-178F-7EEC-207D-B8644F825023" name="DW_DIM_TIME_PK">
<createdBy>PC</createdBy>
<createdTime>2021-11-22 11:56:46 UTC</createdTime>
<ownerDesignName>MCBAssignment_DataModel</ownerDesignName>
<pk>true</pk>
<indexState>Primary Constraint</indexState>
<isSurrogateKey>false</isSurrogateKey>
<indexColumnUsage>
<colUsage columnID="2DE7738D-53A4-241E-C7AA-3A6F812B9EAF"/>
</indexColumnUsage>
</ind_PK_UK>
</indexes>
</Table>