<?xml version = '1.0' encoding = 'UTF-8'?>
<FKIndexAssociation class="oracle.dbtools.crest.model.design.relational.FKIndexAssociation" directorySegmentName="seg_0" id="8CF0C7F2-491E-9F06-4708-96BBC6C0CAEA" containerWithKeyObject="E12C1A67-F98B-FACE-C8C7-2D527CF94110" localFKIndex="059302C8-351E-E85A-2A34-BD5FEC5B0C23" name="DW_FACT_WDIDATA_DW_DIM_TIME_FK">
<createdBy>PC</createdBy>
<createdTime>2021-11-22 11:56:54 UTC</createdTime>
<ownerDesignName>MCBAssignment_DataModel</ownerDesignName>
<referredTableLongName>DW_DIM_TIME</referredTableLongName>
<deleteRule>NO ACTION</deleteRule>
<referredTableID>FC4135EC-DE95-67FE-83B9-0876A8A93F49</referredTableID>
<keyObject>A386C41D-178F-7EEC-207D-B8644F825023</keyObject>
<referredKeyID>A386C41D-178F-7EEC-207D-B8644F825023</referredKeyID>
<mandatory>true</mandatory>
<refColNames>TimeID</refColNames>
<transferable>true</transferable>
<rely>false</rely>
<columnDependencyConstraintGenerateInDDL>true</columnDependencyConstraintGenerateInDDL>
</FKIndexAssociation>