<?xml version = '1.0' encoding = 'UTF-8'?>
<FKIndexAssociation class="oracle.dbtools.crest.model.design.relational.FKIndexAssociation" directorySegmentName="seg_0" id="EEA4739F-A9AD-4F20-EA45-0F3BBF6F7B4F" containerWithKeyObject="E12C1A67-F98B-FACE-C8C7-2D527CF94110" localFKIndex="72B73CEB-8BF3-F0FE-4506-F9FC266B9CD5" name="DW_FACT_WDIDATA_DW_DIM_COUNTRY_FK">
<createdBy>PC</createdBy>
<createdTime>2021-11-22 11:56:09 UTC</createdTime>
<ownerDesignName>MCBAssignment_DataModel</ownerDesignName>
<referredTableLongName>DW_DIM_COUNTRY</referredTableLongName>
<deleteRule>NO ACTION</deleteRule>
<referredTableID>E631CDEC-B6C2-123A-F2AA-0B4842D5DF3B</referredTableID>
<keyObject>F7A15F71-EA7A-2012-2172-C1FFAA92CF45</keyObject>
<referredKeyID>F7A15F71-EA7A-2012-2172-C1FFAA92CF45</referredKeyID>
<mandatory>true</mandatory>
<refColNames>CountryID</refColNames>
<transferable>true</transferable>
<rely>false</rely>
<columnDependencyConstraintGenerateInDDL>true</columnDependencyConstraintGenerateInDDL>
</FKIndexAssociation>