<?xml version = '1.0' encoding = 'UTF-8'?>
<Diagram class="oracle.dbtools.crest.swingui.relational.DPVRelational" name="Relational_1" id="C4D28C8B-499E-51EA-22CD-BB6B76536F48">
<createdBy>PC</createdBy>
<modifiedBy>PC</modifiedBy>
<createdTime>2021-11-21 19:22:00 UTC</createdTime>
<autoRoute>false</autoRoute>
<boxInbox>true</boxInbox>
<showLegend>false</showLegend>
<showLabels>false</showLabels>
<showRelAttributes>false</showRelAttributes>
<gridEnabled>false</gridEnabled>
<showGrid>true</showGrid>
<diagramColor>-1</diagramColor>
<display>false</display>
<notation>1</notation>
<objectViews>
<OView class="oracle.dbtools.crest.swingui.relational.TVTable" oid="652234DC-ADC8-3BC3-1C8D-6D4AB3510CA1" otype="Table" vid="109BC797-42E4-434E-1DA7-BC389EE18C6D">
<hideElementsInCurrentOnly>false</hideElementsInCurrentOnly>
<bounds x="63" y="327" width="170" height="70"/>
</OView>
<OView class="oracle.dbtools.crest.swingui.relational.TVTable" oid="6553FFE5-130F-25D7-F4EF-8AEEBB95D8CA" otype="Table" vid="5DB009AA-9175-847E-45FA-153357F265B4">
<hideElementsInCurrentOnly>false</hideElementsInCurrentOnly>
<bounds x="63" y="428" width="170" height="110"/>
</OView>
<OView class="oracle.dbtools.crest.swingui.relational.TVTable" oid="7EE555A4-1206-0C9B-2380-9AC0B91D0BB9" otype="Table" vid="9C5231A4-E392-5C30-3D6C-A8656EB09484">
<hideElementsInCurrentOnly>false</hideElementsInCurrentOnly>
<bounds x="318" y="395" width="170" height="107"/>
</OView>
<OView class="oracle.dbtools.crest.swingui.relational.TVTable" oid="86EBA671-572A-16E4-E001-552CC83E3B2D" otype="Table" vid="998AD150-AAF3-1B32-5AAB-6A9F3E945C48">
<hideElementsInCurrentOnly>false</hideElementsInCurrentOnly>
<bounds x="315" y="289" width="170" height="80"/>
</OView>
<OView class="oracle.dbtools.crest.swingui.relational.TVTable" oid="8C0811BB-283D-2FFE-2903-C0EBA1E4C971" otype="Table" vid="B0A04A69-E6AC-6096-767E-5375EED923F9">
<hideElementsInCurrentOnly>false</hideElementsInCurrentOnly>
<bounds x="64" y="192" width="210" height="110"/>
</OView>
<OView class="oracle.dbtools.crest.swingui.relational.TVTable" oid="E12C1A67-F98B-FACE-C8C7-2D527CF94110" otype="Table" vid="F0A46E8E-F8AC-541D-0BCC-56607A42B6D5">
<hideElementsInCurrentOnly>false</hideElementsInCurrentOnly>
<bounds x="559" y="77" width="256" height="358"/>
</OView>
<OView class="oracle.dbtools.crest.swingui.relational.TVTable" oid="E13D5FB4-4D03-9D02-3283-0E27791FDDE6" otype="Table" vid="C17917E1-6D54-AF56-49C0-A0179129756C">
<hideElementsInCurrentOnly>false</hideElementsInCurrentOnly>
<bounds x="561" y="501" width="228" height="62"/>
</OView>
<OView class="oracle.dbtools.crest.swingui.relational.TVTable" oid="E2A1E6FD-E886-B16F-AFFD-51C86E10AF8D" otype="Table" vid="D00C79F8-FC39-B047-BA40-1FCFDDE3C6A7">
<hideElementsInCurrentOnly>false</hideElementsInCurrentOnly>
<bounds x="64" y="58" width="170" height="110"/>
</OView>
<OView class="oracle.dbtools.crest.swingui.relational.TVTable" oid="E631CDEC-B6C2-123A-F2AA-0B4842D5DF3B" otype="Table" vid="7E556359-1A3D-FA3B-7342-1B2D0AFB99C0">
<hideElementsInCurrentOnly>false</hideElementsInCurrentOnly>
<bounds x="918" y="104" width="210" height="182"/>
</OView>
<OView class="oracle.dbtools.crest.swingui.relational.TVTable" oid="EB80926F-4F87-A17E-57E1-7B3D8154A149" otype="Table" vid="D65E4FF8-BB3E-6177-DC77-F6ABD5EAD5B7">
<hideElementsInCurrentOnly>false</hideElementsInCurrentOnly>
<bounds x="319" y="518" width="170" height="68"/>
</OView>
<OView class="oracle.dbtools.crest.swingui.relational.TVTable" oid="FC4135EC-DE95-67FE-83B9-0876A8A93F49" otype="Table" vid="AB4A6708-72FA-8B9A-C2E6-FF8061BA52C3">
<hideElementsInCurrentOnly>false</hideElementsInCurrentOnly>
<bounds x="334" y="90" width="170" height="123"/>
</OView>
</objectViews>
<connectors>
<Connector class="oracle.dbtools.crest.swingui.relational.TVFKRelation" oid="8CF0C7F2-491E-9F06-4708-96BBC6C0CAEA" otype="FKIndexAssociation" vid_source="AB4A6708-72FA-8B9A-C2E6-FF8061BA52C3" vid_target="F0A46E8E-F8AC-541D-0BCC-56607A42B6D5">
<hideElementsInCurrentOnly>false</hideElementsInCurrentOnly>
<backgroundColor>-16777216</backgroundColor>
<lineWidth>1</lineWidth>
<points>
<point x="504" y="151"/>
<point x="559" y="151"/>
</points>
</Connector>
<Connector class="oracle.dbtools.crest.swingui.relational.TVFKRelation" oid="EEA4739F-A9AD-4F20-EA45-0F3BBF6F7B4F" otype="FKIndexAssociation" vid_source="7E556359-1A3D-FA3B-7342-1B2D0AFB99C0" vid_target="F0A46E8E-F8AC-541D-0BCC-56607A42B6D5">
<hideElementsInCurrentOnly>false</hideElementsInCurrentOnly>
<backgroundColor>-16777216</backgroundColor>
<lineWidth>1</lineWidth>
<points>
<point x="918" y="210"/>
<point x="815" y="210"/>
</points>
</Connector>
</connectors>
</Diagram>