<?xml version = '1.0' encoding = 'UTF-8'?>
<relationalModel class="oracle.dbtools.crest.model.design.relational.RelationalDesign" name="Relational_1" id="8C2BB08C-D6E3-B4C2-8033-0C7BC13C0166" mainViewID="C4D28C8B-499E-51EA-22CD-BB6B76536F48">
<createdBy>PC</createdBy>
<createdTime>2021-11-21 19:21:27 UTC</createdTime>
<ownerDesignName>MCBAssignment_DataModel</ownerDesignName>
<shouldBeOpen>false</shouldBeOpen>
<selectedRDBMSSite>32076570-2523-435C-2E92-BF29817DFF70</selectedRDBMSSite>
</relationalModel>